Entity,Code,Year,Renewables
Africa,,2000,7.1749406
Africa,,2001,7.4141307
Africa,,2002,7.6051617
Africa,,2003,7.0411763
Africa,,2004,6.9333735
Africa,,2005,6.998331
Africa,,2006,7.123233
Africa,,2007,7.0094085
Africa,,2008,6.716138
Africa,,2009,6.7757106
Africa,,2010,7.1018925
Africa,,2011,7.2255993
Africa,,2012,6.989345
Africa,,2013,7.1956143
Africa,,2014,7.509692
Africa,,2015,7.464454
Africa,,2016,7.307821
Africa,,2017,7.7397423
Africa,,2018,8.169643
Africa,,2019,8.5593
Africa,,2020,9.624269
Africa,,2021,9.555876
Africa (BP),,2000,7.1749406
Africa (BP),,2001,7.41413
Africa (BP),,2002,7.6197057
Africa (BP),,2003,7.056476
Africa (BP),,2004,6.950178
Africa (BP),,2005,7.004725
Africa (BP),,2006,7.125098
Africa (BP),,2007,7.0290914
Africa (BP),,2008,6.73045
Africa (BP),,2009,6.7835674
Africa (BP),,2010,7.106614
Africa (BP),,2011,7.2368093
Africa (BP),,2012,7.0023284
Africa (BP),,2013,7.207865
Africa (BP),,2014,7.5212083
Africa (BP),,2015,7.4785933
Africa (BP),,2016,7.3201394
Africa (BP),,2017,7.7515693
Africa (BP),,2018,8.187628
Africa (BP),,2019,8.574492
Africa (BP),,2020,9.644047
Africa (BP),,2021,9.574978
Algeria,DZA,2000,0.053235482
Algeria,DZA,2001,0.065218486
Algeria,DZA,2002,0.05167677
Algeria,DZA,2003,0.228104
Algeria,DZA,2004,0.2067869
Algeria,DZA,2005,0.43411878
Algeria,DZA,2006,0.16327195
Algeria,DZA,2007,0.15990457
Algeria,DZA,2008,0.1877543
Algeria,DZA,2009,0.21278548
Algeria,DZA,2010,0.11513238
Algeria,DZA,2011,0.2352599
Algeria,DZA,2012,0.22453195
Algeria,DZA,2013,0.064763196
Algeria,DZA,2014,0.117502466
Algeria,DZA,2015,0.096813366
Algeria,DZA,2016,0.14580712
Algeria,DZA,2017,0.24701829
Algeria,DZA,2018,0.28767928
Algeria,DZA,2019,0.29474697
Algeria,DZA,2020,0.29789943
Algeria,DZA,2021,0.26136735
Argentina,ARG,2000,12.283858
Argentina,ARG,2001,15.937488
Argentina,ARG,2002,16.249306
Argentina,ARG,2003,14.408259
Argentina,ARG,2004,12.1855755
Argentina,ARG,2005,12.788524
Argentina,ARG,2006,13.449462
Argentina,ARG,2007,10.599154
Argentina,ARG,2008,10.437064
Argentina,ARG,2009,11.783506
Argentina,ARG,2010,11.661375
Argentina,ARG,2011,10.929448
Argentina,ARG,2012,10.216426
Argentina,ARG,2013,10.950079
Argentina,ARG,2014,11.038978
Argentina,ARG,2015,10.907397
Argentina,ARG,2016,10.167007
Argentina,ARG,2017,10.964719
Argentina,ARG,2018,11.39763
Argentina,ARG,2019,11.926772
Argentina,ARG,2020,12.179417
Argentina,ARG,2021,11.329249
Asia,,2000,4.9022627
Asia,,2001,5.071513
Asia,,2002,4.974642
Asia,,2003,4.7754045
Asia,,2004,5.0844684
Asia,,2005,4.912455
Asia,,2006,5.102126
Asia,,2007,5.0578494
Asia,,2008,5.5608997
Asia,,2009,5.401413
Asia,,2010,5.8946567
Asia,,2011,5.8202963
Asia,,2012,6.3957253
Asia,,2013,6.8686776
Asia,,2014,7.4121513
Asia,,2015,7.78167
Asia,,2016,8.205105
Asia,,2017,8.699321
Asia,,2018,9.161237
Asia,,2019,9.805447
Asia,,2020,10.580009
Asia,,2021,10.954556
Asia Pacific (BP),,2000,5.37832
Asia Pacific (BP),,2001,5.6329803
Asia Pacific (BP),,2002,5.46561
Asia Pacific (BP),,2003,5.178249
Asia Pacific (BP),,2004,5.4974675
Asia Pacific (BP),,2005,5.3428345
Asia Pacific (BP),,2006,5.5571895
Asia Pacific (BP),,2007,5.5822654
Asia Pacific (BP),,2008,6.340684
Asia Pacific (BP),,2009,6.1756163
Asia Pacific (BP),,2010,6.6541324
Asia Pacific (BP),,2011,6.629955
Asia Pacific (BP),,2012,7.2913313
Asia Pacific (BP),,2013,7.8815355
Asia Pacific (BP),,2014,8.644287
Asia Pacific (BP),,2015,8.974304
Asia Pacific (BP),,2016,9.49663
Asia Pacific (BP),,2017,10.049202
Asia Pacific (BP),,2018,10.646099
Asia Pacific (BP),,2019,11.194805
Asia Pacific (BP),,2020,12.173392
Asia Pacific (BP),,2021,12.723151
Australia,AUS,2000,3.9888778
Australia,AUS,2001,3.870762
Australia,AUS,2002,3.9314504
Australia,AUS,2003,4.014969
Australia,AUS,2004,4.0365605
Australia,AUS,2005,4.3135533
Australia,AUS,2006,4.233413
Australia,AUS,2007,3.9767227
Australia,AUS,2008,3.6813264
Australia,AUS,2009,3.9202662
Australia,AUS,2010,4.3128047
Australia,AUS,2011,5.698981
Australia,AUS,2012,5.700209
Australia,AUS,2013,6.525869
Australia,AUS,2014,5.979823
Australia,AUS,2015,6.290021
Australia,AUS,2016,7.1891756
Australia,AUS,2017,6.750127
Australia,AUS,2018,8.300061
Australia,AUS,2019,8.880722
Australia,AUS,2020,10.789811
Australia,AUS,2021,12.933532
Austria,AUT,2000,32.954258
Austria,AUT,2001,30.816513
Austria,AUT,2002,30.325117
Austria,AUT,2003,25.140518
Austria,AUT,2004,27.633785
Austria,AUT,2005,27.94786
Austria,AUT,2006,28.59121
Austria,AUT,2007,30.98061
Austria,AUT,2008,31.345478
Austria,AUT,2009,34.322514
Austria,AUT,2010,31.605642
Austria,AUT,2011,30.720795
Austria,AUT,2012,35.929344
Austria,AUT,2013,35.266674
Austria,AUT,2014,36.640297
Austria,AUT,2015,34.964077
Austria,AUT,2016,35.651855
Austria,AUT,2017,34.502872
Austria,AUT,2018,34.568928
Austria,AUT,2019,35.611378
Austria,AUT,2020,38.26067
Austria,AUT,2021,37.481792
Azerbaijan,AZE,2000,3.446014
Azerbaijan,AZE,2001,3.0117817
Azerbaijan,AZE,2002,4.7006664
Azerbaijan,AZE,2003,5.2779026
Azerbaijan,AZE,2004,5.1585817
Azerbaijan,AZE,2005,5.1650033
Azerbaijan,AZE,2006,4.3662996
Azerbaijan,AZE,2007,4.50297
Azerbaijan,AZE,2008,4.1847568
Azerbaijan,AZE,2009,4.8711276
Azerbaijan,AZE,2010,7.311432
Azerbaijan,AZE,2011,5.077954
Azerbaijan,AZE,2012,3.3373456
Azerbaijan,AZE,2013,2.7806928
Azerbaijan,AZE,2014,2.433617
Azerbaijan,AZE,2015,2.757688
Azerbaijan,AZE,2016,3.345908
Azerbaijan,AZE,2017,3.0498044
Azerbaijan,AZE,2018,3.070157
Azerbaijan,AZE,2019,2.674584
Azerbaijan,AZE,2020,1.9758317
Azerbaijan,AZE,2021,2.2015429
Bangladesh,BGD,2000,1.6270727
Bangladesh,BGD,2001,1.8750032
Bangladesh,BGD,2002,1.3622075
Bangladesh,BGD,2003,1.2784041
Bangladesh,BGD,2004,1.2296964
Bangladesh,BGD,2005,1.1353458
Bangladesh,BGD,2006,1.0463095
Bangladesh,BGD,2007,1.0207374
Bangladesh,BGD,2008,1.2218128
Bangladesh,BGD,2009,0.5117601
Bangladesh,BGD,2010,0.8648932
Bangladesh,BGD,2011,0.95136946
Bangladesh,BGD,2012,0.82564867
Bangladesh,BGD,2013,0.7885019
Bangladesh,BGD,2014,0.646162
Bangladesh,BGD,2015,0.81840855
Bangladesh,BGD,2016,0.8060975
Bangladesh,BGD,2017,0.8946443
Bangladesh,BGD,2018,0.7471175
Bangladesh,BGD,2019,0.6751287
Bangladesh,BGD,2020,0.6580818
Bangladesh,BGD,2021,0.6501469
Belarus,BLR,2000,0.031301863
Belarus,BLR,2001,0.035543464
Belarus,BLR,2002,0.032997068
Belarus,BLR,2003,0.031896286
Belarus,BLR,2004,0.034380138
Belarus,BLR,2005,0.037284452
Belarus,BLR,2006,0.03601279
Belarus,BLR,2007,0.049696002
Belarus,BLR,2008,0.07290584
Belarus,BLR,2009,0.1132527
Belarus,BLR,2010,0.1292485
Belarus,BLR,2011,0.14303419
Belarus,BLR,2012,0.15896934
Belarus,BLR,2013,0.22412229
Belarus,BLR,2014,0.20674793
Belarus,BLR,2015,0.27272683
Belarus,BLR,2016,0.34643993
Belarus,BLR,2017,0.6887631
Belarus,BLR,2018,0.57909614
Belarus,BLR,2019,0.70776963
Belarus,BLR,2020,0.9897245
Belarus,BLR,2021,0.9698578
Belgium,BEL,2000,0.43326905
Belgium,BEL,2001,0.44920528
Belgium,BEL,2002,0.47973493
Belgium,BEL,2003,0.48671454
Belgium,BEL,2004,0.6062989
Belgium,BEL,2005,0.8666802
Belgium,BEL,2006,1.209545
Belgium,BEL,2007,1.415252
Belgium,BEL,2008,1.7643936
Belgium,BEL,2009,2.5214348
Belgium,BEL,2010,3.0995507
Belgium,BEL,2011,4.0459914
Belgium,BEL,2012,5.060075
Belgium,BEL,2013,5.3826203
Belgium,BEL,2014,6.051173
Belgium,BEL,2015,6.6614165
Belgium,BEL,2016,6.357454
Belgium,BEL,2017,6.910616
Belgium,BEL,2018,7.41519
Belgium,BEL,2019,7.959382
Belgium,BEL,2020,10.637791
Belgium,BEL,2021,9.336409
Brazil,BRA,2000,43.288433
Brazil,BRA,2001,39.11162
Brazil,BRA,2002,40.756653
Brazil,BRA,2003,42.284126
Brazil,BRA,2004,42.286156
Brazil,BRA,2005,43.1457
Brazil,BRA,2006,43.045963
Brazil,BRA,2007,44.380226
Brazil,BRA,2008,43.366776
Brazil,BRA,2009,46.30883
Brazil,BRA,2010,44.246536
Brazil,BRA,2011,43.91006
Brazil,BRA,2012,42.06637
Brazil,BRA,2013,39.836597
Brazil,BRA,2014,38.852745
Brazil,BRA,2015,40.603523
Brazil,BRA,2016,43.5387
Brazil,BRA,2017,43.280678
Brazil,BRA,2018,46.080498
Brazil,BRA,2019,47.304844
Brazil,BRA,2020,49.47188
Brazil,BRA,2021,46.21975
Bulgaria,BGR,2000,3.6347754
Bulgaria,BGR,2001,2.2708168
Bulgaria,BGR,2002,2.9185119
Bulgaria,BGR,2003,3.8597226
Bulgaria,BGR,2004,4.144022
Bulgaria,BGR,2005,5.212998
Bulgaria,BGR,2006,4.984425
Bulgaria,BGR,2007,3.5105207
Bulgaria,BGR,2008,3.5983686
Bulgaria,BGR,2009,5.127213
Bulgaria,BGR,2010,7.616096
Bulgaria,BGR,2011,4.8499665
Bulgaria,BGR,2012,6.869961
Bulgaria,BGR,2013,9.592919
Bulgaria,BGR,2014,9.543798
Bulgaria,BGR,2015,10.595034
Bulgaria,BGR,2016,9.0498905
Bulgaria,BGR,2017,7.619621
Bulgaria,BGR,2018,11.799093
Bulgaria,BGR,2019,9.948385
Bulgaria,BGR,2020,10.692997
Bulgaria,BGR,2021,11.486526
CIS (BP),,2000,6.965526
CIS (BP),,2001,7.073041
CIS (BP),,2002,6.7241826
CIS (BP),,2003,6.4878583
CIS (BP),,2004,6.961633
CIS (BP),,2005,6.8310075
CIS (BP),,2006,6.4987564
CIS (BP),,2007,6.5321813
CIS (BP),,2008,5.930783
CIS (BP),,2009,6.4687424
CIS (BP),,2010,6.139973
CIS (BP),,2011,5.739403
CIS (BP),,2012,5.656296
CIS (BP),,2013,6.153561
CIS (BP),,2014,5.8653107
CIS (BP),,2015,5.779853
CIS (BP),,2016,6.1977887
CIS (BP),,2017,6.2232485
CIS (BP),,2018,6.0244713
CIS (BP),,2019,6.1577168
CIS (BP),,2020,6.8373575
CIS (BP),,2021,6.473814
Canada,CAN,2000,29.767817
Canada,CAN,2001,28.20141
Canada,CAN,2002,28.546556
Canada,CAN,2003,27.180014
Canada,CAN,2004,26.827923
Canada,CAN,2005,28.265476
Canada,CAN,2006,27.616468
Canada,CAN,2007,27.694315
Canada,CAN,2008,28.590092
Canada,CAN,2009,29.20945
Canada,CAN,2010,27.789688
Canada,CAN,2011,28.62637
Canada,CAN,2012,28.976913
Canada,CAN,2013,28.941828
Canada,CAN,2014,28.14776
Canada,CAN,2015,28.764147
Canada,CAN,2016,29.6526
Canada,CAN,2017,29.67364
Canada,CAN,2018,28.814518
Canada,CAN,2019,28.586376
Canada,CAN,2020,30.54215
Canada,CAN,2021,29.88844
Central America (BP),,2000,25.005505
Central America (BP),,2001,22.210005
Central America (BP),,2002,23.18854
Central America (BP),,2003,23.09387
Central America (BP),,2004,23.649473
Central America (BP),,2005,25.031773
Central America (BP),,2006,24.877857
Central America (BP),,2007,24.036945
Central America (BP),,2008,25.583067
Central America (BP),,2009,25.323349
Central America (BP),,2010,27.258286
Central America (BP),,2011,25.818153
Central America (BP),,2012,27.097425
Central America (BP),,2013,26.951118
Central America (BP),,2014,26.720015
Central America (BP),,2015,26.518682
Central America (BP),,2016,26.774618
Central America (BP),,2017,28.883213
Central America (BP),,2018,30.603235
Central America (BP),,2019,26.696873
Central America (BP),,2020,32.442505
Central America (BP),,2021,31.522322
Chile,CHL,2000,19.573402
Chile,CHL,2001,22.04736
Chile,CHL,2002,22.61727
Chile,CHL,2003,22.010809
Chile,CHL,2004,19.768446
Chile,CHL,2005,22.415243
Chile,CHL,2006,22.566658
Chile,CHL,2007,18.706137
Chile,CHL,2008,20.915377
Chile,CHL,2009,21.777431
Chile,CHL,2010,19.264341
Chile,CHL,2011,17.502325
Chile,CHL,2012,18.09596
Chile,CHL,2013,18.432415
Chile,CHL,2014,20.193163
Chile,CHL,2015,21.427673
Chile,CHL,2016,19.706335
Chile,CHL,2017,22.405031
Chile,CHL,2018,24.343296
Chile,CHL,2019,24.144995
Chile,CHL,2020,26.557531
Chile,CHL,2021,26.518875
China,CHN,2000,5.656925
China,CHN,2001,6.618624
China,CHN,2002,6.2804885
China,CHN,2003,5.3011093
China,CHN,2004,5.60094
China,CHN,2005,5.554481
China,CHN,2006,5.5779824
China,CHN,2007,5.718535
China,CHN,2008,7.268667
China,CHN,2009,6.9355316
China,CHN,2010,7.615998
China,CHN,2011,7.084204
China,CHN,2012,8.522597
China,CHN,2013,8.959421
China,CHN,2014,10.19733
China,CHN,2015,10.787498
China,CHN,2016,11.530947
China,CHN,2017,12.138821
China,CHN,2018,12.807393
China,CHN,2019,13.51596
China,CHN,2020,14.242872
China,CHN,2021,14.946244
Colombia,COL,2000,29.556067
Colombia,COL,2001,30.604485
Colombia,COL,2002,32.692554
Colombia,COL,2003,33.389133
Colombia,COL,2004,34.505455
Colombia,COL,2005,35.05353
Colombia,COL,2006,34.14272
Colombia,COL,2007,35.182762
Colombia,COL,2008,33.94141
Colombia,COL,2009,31.377745
Colombia,COL,2010,30.092037
Colombia,COL,2011,34.515675
Colombia,COL,2012,31.746134
Colombia,COL,2013,29.385107
Colombia,COL,2014,28.364685
Colombia,COL,2015,28.021618
Colombia,COL,2016,27.708813
Colombia,COL,2017,32.82906
Colombia,COL,2018,31.99955
Colombia,COL,2019,29.890343
Colombia,COL,2020,30.772787
Colombia,COL,2021,33.02041
Croatia,HRV,2000,19.766573
Croatia,HRV,2001,20.78086
Croatia,HRV,2002,16.80569
Croatia,HRV,2003,14.887934
Croatia,HRV,2004,19.899082
Croatia,HRV,2005,18.502132
Croatia,HRV,2006,17.52409
Croatia,HRV,2007,12.365527
Croatia,HRV,2008,15.2264805
Croatia,HRV,2009,19.643877
Croatia,HRV,2010,23.850374
Croatia,HRV,2011,15.472614
Croatia,HRV,2012,16.519665
Croatia,HRV,2013,26.373661
Croatia,HRV,2014,28.121477
Croatia,HRV,2015,22.36495
Croatia,HRV,2016,23.870218
Croatia,HRV,2017,20.273584
Croatia,HRV,2018,26.73535
Croatia,HRV,2019,23.463097
Croatia,HRV,2020,25.170088
Croatia,HRV,2021,28.271935
Cyprus,CYP,2000,0
Cyprus,CYP,2001,0
Cyprus,CYP,2002,0
Cyprus,CYP,2003,0
Cyprus,CYP,2004,0.006964822
Cyprus,CYP,2005,0.0075333
Cyprus,CYP,2006,0.012689397
Cyprus,CYP,2007,0.02963039
Cyprus,CYP,2008,0.13309906
Cyprus,CYP,2009,0.28097296
Cyprus,CYP,2010,0.6377341
Cyprus,CYP,2011,1.5228559
Cyprus,CYP,2012,2.3008752
Cyprus,CYP,2013,3.2324405
Cyprus,CYP,2014,3.1309736
Cyprus,CYP,2015,3.776322
Cyprus,CYP,2016,3.6664777
Cyprus,CYP,2017,3.6376648
Cyprus,CYP,2018,3.8665202
Cyprus,CYP,2019,4.2749753
Cyprus,CYP,2020,5.661981
Czechia,CZE,2000,1.4434271
Czechia,CZE,2001,1.5818
Czechia,CZE,2002,1.8193735
Czechia,CZE,2003,1.0856818
Czechia,CZE,2004,1.4602342
Czechia,CZE,2005,1.7223583
Czechia,CZE,2006,1.9475973
Czechia,CZE,2007,1.9150995
Czechia,CZE,2008,2.1536171
Czechia,CZE,2009,2.7962987
Czechia,CZE,2010,3.3554666
Czechia,CZE,2011,4.272681
Czechia,CZE,2012,4.792661
Czechia,CZE,2013,5.6041293
Czechia,CZE,2014,5.645436
Czechia,CZE,2015,5.8991933
Czechia,CZE,2016,5.94577
Czechia,CZE,2017,5.815572
Czechia,CZE,2018,5.6855097
Czechia,CZE,2019,6.1152124
Czechia,CZE,2020,6.691049
Czechia,CZE,2021,6.497798
Denmark,DNK,2000,7.0956745
Denmark,DNK,2001,7.4025154
Denmark,DNK,2002,8.586957
Denmark,DNK,2003,9.462801
Denmark,DNK,2004,11.729121
Denmark,DNK,2005,12.488843
Denmark,DNK,2006,10.61084
Denmark,DNK,2007,12.42254
Denmark,DNK,2008,12.6056
Denmark,DNK,2009,13.32837
Denmark,DNK,2010,15.651074
Denmark,DNK,2011,18.64669
Denmark,DNK,2012,20.934052
Denmark,DNK,2013,21.378275
Denmark,DNK,2014,24.633705
Denmark,DNK,2015,26.659948
Denmark,DNK,2016,25.71348
Denmark,DNK,2017,30.301117
Denmark,DNK,2018,29.154387
Denmark,DNK,2019,32.79566
Denmark,DNK,2020,37.272453
Denmark,DNK,2021,39.24958
Eastern Africa (BP),,2000,32.542984
Eastern Africa (BP),,2001,33.857758
Eastern Africa (BP),,2002,35.647015
Eastern Africa (BP),,2003,35.753136
Eastern Africa (BP),,2004,33.938667
Eastern Africa (BP),,2005,33.640385
Eastern Africa (BP),,2006,34.184486
Eastern Africa (BP),,2007,35.175175
Eastern Africa (BP),,2008,34.842575
Eastern Africa (BP),,2009,34.660458
Eastern Africa (BP),,2010,35.635113
Eastern Africa (BP),,2011,35.01301
Eastern Africa (BP),,2012,35.48657
Eastern Africa (BP),,2013,34.786755
Eastern Africa (BP),,2014,34.23328
Eastern Africa (BP),,2015,33.409313
Eastern Africa (BP),,2016,32.305428
Eastern Africa (BP),,2017,31.50984
Eastern Africa (BP),,2018,31.808338
Eastern Africa (BP),,2019,32.526245
Eastern Africa (BP),,2020,36.039726
Eastern Africa (BP),,2021,35.91689
Ecuador,ECU,2000,21.613928
Ecuador,ECU,2001,19.692354
Ecuador,ECU,2002,21.095179
Ecuador,ECU,2003,19.533443
Ecuador,ECU,2004,18.734905
Ecuador,ECU,2005,16.596605
Ecuador,ECU,2006,16.25161
Ecuador,ECU,2007,19.557272
Ecuador,ECU,2008,22.617521
Ecuador,ECU,2009,18.929243
Ecuador,ECU,2010,15.936485
Ecuador,ECU,2011,19.198841
Ecuador,ECU,2012,19.840086
Ecuador,ECU,2013,17.377462
Ecuador,ECU,2014,17.276142
Ecuador,ECU,2015,19.640232
Ecuador,ECU,2016,23.628025
Ecuador,ECU,2017,28.335857
Ecuador,ECU,2018,27.386934
Ecuador,ECU,2019,31.76902
Ecuador,ECU,2020,36.035774
Ecuador,ECU,2021,32.3542
Egypt,EGY,2000,7.416068
Egypt,EGY,2001,7.225909
Egypt,EGY,2002,6.795776
Egypt,EGY,2003,5.937698
Egypt,EGY,2004,5.634644
Egypt,EGY,2005,5.385706
Egypt,EGY,2006,5.1723137
Egypt,EGY,2007,5.3631554
Egypt,EGY,2008,5.414237
Egypt,EGY,2009,4.800595
Egypt,EGY,2010,4.461719
Egypt,EGY,2011,4.3315444
Egypt,EGY,2012,4.1802897
Egypt,EGY,2013,4.1771846
Egypt,EGY,2014,4.1816525
Egypt,EGY,2015,4.328853
Egypt,EGY,2016,4.131468
Egypt,EGY,2017,3.8699906
Egypt,EGY,2018,4.0554056
Egypt,EGY,2019,5.1698976
Egypt,EGY,2020,6.564624
Egypt,EGY,2021,6.230571
Estonia,EST,2000,0.10166839
Estonia,EST,2001,0.09630356
Estonia,EST,2002,0.18708262
Estonia,EST,2003,0.22028498
Estonia,EST,2004,0.28742737
Estonia,EST,2005,0.5005239
Estonia,EST,2006,0.59395134
Estonia,EST,2007,0.5890301
Estonia,EST,2008,0.8455263
Estonia,EST,2009,2.7872162
Estonia,EST,2010,4.3919716
Estonia,EST,2011,4.9312315
Estonia,EST,2012,6.1257634
Estonia,EST,2013,4.7120137
Estonia,EST,2014,5.5141263
Estonia,EST,2015,6.578982
Estonia,EST,2016,6.427242
Estonia,EST,2017,6.830332
Estonia,EST,2018,7.507283
Estonia,EST,2019,9.91299
Estonia,EST,2020,14.138368
Estonia,EST,2021,14.325047
Europe,,2000,7.77206
Europe,,2001,7.7981777
Europe,,2002,7.304162
Europe,,2003,6.906544
Europe,,2004,7.4689255
Europe,,2005,7.651272
Europe,,2006,7.5956726
Europe,,2007,8.04044
Europe,,2008,8.450697
Europe,,2009,9.250828
Europe,,2010,9.566195
Europe,,2011,9.470131
Europe,,2012,10.526842
Europe,,2013,11.563236
Europe,,2014,12.157203
Europe,,2015,12.454003
Europe,,2016,12.5641365
Europe,,2017,12.595028
Europe,,2018,13.195203
Europe,,2019,13.646666
Europe,,2020,15.806127
Europe,,2021,15.235615
Europe (BP),,2000,8.294754
Europe (BP),,2001,8.198429
Europe (BP),,2002,7.817237
Europe (BP),,2003,7.445176
Europe (BP),,2004,8.081994
Europe (BP),,2005,8.329161
Europe (BP),,2006,8.455762
Europe (BP),,2007,8.983073
Europe (BP),,2008,9.758614
Europe (BP),,2009,10.734776
Europe (BP),,2010,11.562127
Europe (BP),,2011,11.665335
Europe (BP),,2012,13.15553
Europe (BP),,2013,14.2499895
Europe (BP),,2014,15.056768
Europe (BP),,2015,15.684681
Europe (BP),,2016,15.744419
Europe (BP),,2017,15.753476
Europe (BP),,2018,16.827751
Europe (BP),,2019,17.77084
Europe (BP),,2020,20.436487
Europe (BP),,2021,19.740942
European Union (27),,2000,6.851288
European Union (27),,2001,7.122068
European Union (27),,2002,6.4400024
European Union (27),,2003,6.37666
European Union (27),,2004,6.954033
European Union (27),,2005,7.023421
European Union (27),,2006,7.4130735
European Union (27),,2007,8.028537
European Union (27),,2008,8.835195
European Union (27),,2009,9.934215
European Union (27),,2010,10.899172
European Union (27),,2011,11.111049
European Union (27),,2012,12.618176
European Union (27),,2013,13.789877
European Union (27),,2014,14.76316
European Union (27),,2015,14.853165
European Union (27),,2016,14.857019
European Union (27),,2017,14.778873
European Union (27),,2018,15.76775
European Union (27),,2019,16.51869
European Union (27),,2020,19.209618
European Union (27),,2021,18.567877
Finland,FIN,2000,19.702833
Finland,FIN,2001,17.716715
Finland,FIN,2002,16.264904
Finland,FIN,2003,14.593681
Finland,FIN,2004,19.509205
Finland,FIN,2005,19.46372
Finland,FIN,2006,17.534887
Finland,FIN,2007,18.869097
Finland,FIN,2008,22.427767
Finland,FIN,2009,19.18046
Finland,FIN,2010,19.647142
Finland,FIN,2011,20.955502
Finland,FIN,2012,24.975452
Finland,FIN,2013,22.647865
Finland,FIN,2014,24.728233
Finland,FIN,2015,28.137722
Finland,FIN,2016,26.58672
Finland,FIN,2017,28.707514
Finland,FIN,2018,28.641554
Finland,FIN,2019,29.214561
Finland,FIN,2020,33.16851
Finland,FIN,2021,34.61129
France,FRA,2000,6.7445607
France,FRA,2001,7.405367
France,FRA,2002,6.175621
France,FRA,2003,5.962182
France,FRA,2004,5.970315
France,FRA,2005,5.365334
France,FRA,2006,5.969732
France,FRA,2007,6.6387134
France,FRA,2008,7.6322675
France,FRA,2009,7.70645
France,FRA,2010,8.220292
France,FRA,2011,7.185518
France,FRA,2012,9.137363
France,FRA,2013,10.4594345
France,FRA,2014,10.459279
France,FRA,2015,10.147399
France,FRA,2016,10.975246
France,FRA,2017,10.437264
France,FRA,2018,12.132495
France,FRA,2019,12.384905
France,FRA,2020,14.788747
France,FRA,2021,13.671011
Germany,DEU,2000,2.8871117
Germany,DEU,2001,2.9411676
Germany,DEU,2002,3.538632
Germany,DEU,2003,3.6419897
Germany,DEU,2004,4.5165977
Germany,DEU,2005,5.2084193
Germany,DEU,2006,6.0263047
Germany,DEU,2007,7.6538334
Germany,DEU,2008,7.8176284
Germany,DEU,2009,8.45428
Germany,DEU,2010,8.792469
Germany,DEU,2011,10.566965
Germany,DEU,2012,11.899699
Germany,DEU,2013,12.063335
Germany,DEU,2014,13.278847
Germany,DEU,2015,14.823544
Germany,DEU,2016,14.607312
Germany,DEU,2017,16.196213
Germany,DEU,2018,17.084951
Germany,DEU,2019,18.768305
Germany,DEU,2020,21.122828
Germany,DEU,2021,19.453121
Greece,GRC,2000,3.2847326
Greece,GRC,2001,2.296041
Greece,GRC,2002,2.7831922
Greece,GRC,2003,4.297642
Greece,GRC,2004,4.291226
Greece,GRC,2005,4.6003256
Greece,GRC,2006,5.32195
Greece,GRC,2007,3.1136858
Greece,GRC,2008,3.9871402
Greece,GRC,2009,5.8433247
Greece,GRC,2010,7.824593
Greece,GRC,2011,6.159234
Greece,GRC,2012,8.102894
Greece,GRC,2013,12.095451
Greece,GRC,2014,10.859847
Greece,GRC,2015,13.008345
Greece,GRC,2016,13.225245
Greece,GRC,2017,14.015645
Greece,GRC,2018,13.455227
Greece,GRC,2019,13.694194
Greece,GRC,2020,16.707697
Greece,GRC,2021,19.391674
High-income countries,,2000,6.684971
High-income countries,,2001,6.309144
High-income countries,,2002,6.382186
High-income countries,,2003,6.2580495
High-income countries,,2004,6.301392
High-income countries,,2005,6.4346724
High-income countries,,2006,6.580689
High-income countries,,2007,6.576808
High-income countries,,2008,6.9807897
High-income countries,,2009,7.495962
High-income countries,,2010,7.5286093
High-income countries,,2011,8.076886
High-income countries,,2012,8.542007
High-income countries,,2013,8.926266
High-income countries,,2014,9.211322
High-income countries,,2015,9.485086
High-income countries,,2016,9.798736
High-income countries,,2017,10.217155
High-income countries,,2018,10.488907
High-income countries,,2019,10.854962
High-income countries,,2020,12.457896
High-income countries,,2021,12.304638
Hong Kong,HKG,2000,0
Hong Kong,HKG,2001,0
Hong Kong,HKG,2002,0
Hong Kong,HKG,2003,0
Hong Kong,HKG,2004,0
Hong Kong,HKG,2005,0
Hong Kong,HKG,2006,0.000691158
Hong Kong,HKG,2007,0.000804969
Hong Kong,HKG,2008,0.000801358
Hong Kong,HKG,2009,0.000989306
Hong Kong,HKG,2010,0.040526018
Hong Kong,HKG,2011,0.044920437
Hong Kong,HKG,2012,0.044864498
Hong Kong,HKG,2013,0.038566995
Hong Kong,HKG,2014,0.046603356
Hong Kong,HKG,2015,0.059699725
Hong Kong,HKG,2016,0.06550138
Hong Kong,HKG,2017,0.06267911
Hong Kong,HKG,2018,0.06412575
Hong Kong,HKG,2019,0.07460387
Hong Kong,HKG,2020,0.10073566
Hong Kong,HKG,2021,0.108698964
Hungary,HUN,2000,0.26188785
Hungary,HUN,2001,0.26927036
Hungary,HUN,2002,0.24771267
Hungary,HUN,2003,0.3591855
Hungary,HUN,2004,1.0114942
Hungary,HUN,2005,1.9106504
Hungary,HUN,2006,1.5408134
Hungary,HUN,2007,1.9637135
Hungary,HUN,2008,2.4881732
Hungary,HUN,2009,3.3081076
Hungary,HUN,2010,3.356313
Hungary,HUN,2011,3.0736933
Hungary,HUN,2012,3.186504
Hungary,HUN,2013,3.550579
Hungary,HUN,2014,4.012245
Hungary,HUN,2015,3.8928456
Hungary,HUN,2016,3.8303542
Hungary,HUN,2017,3.8641884
Hungary,HUN,2018,4.1346164
Hungary,HUN,2019,4.9454613
Hungary,HUN,2020,5.8162417
Hungary,HUN,2021,6.819573
Iceland,ISL,2000,67.80518
Iceland,ISL,2001,69.64024
Iceland,ISL,2002,69.7559
Iceland,ISL,2003,69.68164
Iceland,ISL,2004,68.89618
Iceland,ISL,2005,68.649345
Iceland,ISL,2006,70.91828
Iceland,ISL,2007,74.30169
Iceland,ISL,2008,81.15162
Iceland,ISL,2009,82.5026
Iceland,ISL,2010,83.07628
Iceland,ISL,2011,83.27399
Iceland,ISL,2012,83.54047
Iceland,ISL,2013,83.09186
Iceland,ISL,2014,82.747856
Iceland,ISL,2015,81.80247
Iceland,ISL,2016,79.91398
Iceland,ISL,2017,78.81927
Iceland,ISL,2018,77.96496
Iceland,ISL,2019,80.09719
Iceland,ISL,2020,86.836586
Iceland,ISL,2021,86.874535
India,IND,2000,6.3762894
India,IND,2001,5.9925246
India,IND,2002,5.731832
India,IND,2003,5.6240616
India,IND,2004,7.460849
India,IND,2005,6.8943167
India,IND,2006,7.7062397
India,IND,2007,7.8556447
India,IND,2008,7.2570653
India,IND,2009,6.4735703
India,IND,2010,6.583671
India,IND,2011,7.501343
India,IND,2012,6.727289
India,IND,2013,7.329665
India,IND,2014,7.344336
India,IND,2015,7.1846457
India,IND,2016,7.0113974
India,IND,2017,7.511875
India,IND,2018,7.9128056
India,IND,2019,8.849619
India,IND,2020,9.730037
India,IND,2021,9.31085
Indonesia,IDN,2000,3.7336404
Indonesia,IDN,2001,4.1123867
Indonesia,IDN,2002,3.6838136
Indonesia,IDN,2003,3.2210946
Indonesia,IDN,2004,3.4259636
Indonesia,IDN,2005,3.5274262
Indonesia,IDN,2006,3.2203085
Indonesia,IDN,2007,3.370551
Indonesia,IDN,2008,3.586532
Indonesia,IDN,2009,3.655174
Indonesia,IDN,2010,4.326221
Indonesia,IDN,2011,3.3885977
Indonesia,IDN,2012,3.4713633
Indonesia,IDN,2013,4.3306036
Indonesia,IDN,2014,4.4786325
Indonesia,IDN,2015,3.7929575
Indonesia,IDN,2016,5.47902
Indonesia,IDN,2017,5.283774
Indonesia,IDN,2018,7.393458
Indonesia,IDN,2019,7.870309
Indonesia,IDN,2020,9.8601465
Indonesia,IDN,2021,10.385715
Iran,IRN,2000,0.8082891
Iran,IRN,2001,0.8181908
Iran,IRN,2002,1.4433478
Iran,IRN,2003,1.6837654
Iran,IRN,2004,1.8843323
Iran,IRN,2005,2.1426387
Iran,IRN,2006,2.500738
Iran,IRN,2007,2.2706358
Iran,IRN,2008,0.92359346
Iran,IRN,2009,0.81369674
Iran,IRN,2010,1.1950724
Iran,IRN,2011,1.189808
Iran,IRN,2012,1.3722979
Iran,IRN,2013,1.5257099
Iran,IRN,2014,1.4402106
Iran,IRN,2015,1.3088065
Iran,IRN,2016,1.446506
Iran,IRN,2017,1.5620874
Iran,IRN,2018,0.9227302
Iran,IRN,2019,2.83683
Iran,IRN,2020,1.9643506
Iran,IRN,2021,1.2903937
Iraq,IRQ,2000,2.9294536
Iraq,IRQ,2001,3.0164843
Iraq,IRQ,2002,3.8850465
Iraq,IRQ,2003,4.5359826
Iraq,IRQ,2004,5.081916
Iraq,IRQ,2005,4.544925
Iraq,IRQ,2006,4.7386
Iraq,IRQ,2007,4.2728944
Iraq,IRQ,2008,2.3818684
Iraq,IRQ,2009,2.3280268
Iraq,IRQ,2010,2.637557
Iraq,IRQ,2011,2.3962152
Iraq,IRQ,2012,2.8232703
Iraq,IRQ,2013,2.676
Iraq,IRQ,2014,1.7387189
Iraq,IRQ,2015,1.610299
Iraq,IRQ,2016,1.8365394
Iraq,IRQ,2017,1.1253452
Iraq,IRQ,2018,0.9119535
Iraq,IRQ,2019,2.2772882
Iraq,IRQ,2020,1.646885
Iraq,IRQ,2021,1.502491
Ireland,IRL,2000,2.0416548
Ireland,IRL,2001,1.6617
Ireland,IRL,2002,2.22865
Ireland,IRL,2003,1.8775274
Ireland,IRL,2004,2.256778
Ireland,IRL,2005,2.88465
Ireland,IRL,2006,3.701902
Ireland,IRL,2007,4.042659
Ireland,IRL,2008,5.1767683
Ireland,IRL,2009,6.4529405
Ireland,IRL,2010,5.8530927
Ireland,IRL,2011,8.820141
Ireland,IRL,2012,8.679478
Ireland,IRL,2013,9.441345
Ireland,IRL,2014,10.700231
Ireland,IRL,2015,12.265226
Ireland,IRL,2016,11.26935
Ireland,IRL,2017,13.157302
Ireland,IRL,2018,14.717063
Ireland,IRL,2019,16.911177
Ireland,IRL,2020,20.549843
Ireland,IRL,2021,17.581884
Israel,ISR,2000,0.040315732
Israel,ISR,2001,0.025859207
Israel,ISR,2002,0.040297464
Israel,ISR,2003,0.052213624
Israel,ISR,2004,0.046136867
Israel,ISR,2005,0.04562039
Israel,ISR,2006,0.029145408
Israel,ISR,2007,0.026579969
Israel,ISR,2008,0.035232626
Israel,ISR,2009,0.114865705
Israel,ISR,2010,0.18728304
Israel,ISR,2011,0.31869283
Israel,ISR,2012,0.48113036
Israel,ISR,2013,0.5884291
Israel,ISR,2014,1.0096922
Israel,ISR,2015,1.2998136
Israel,ISR,2016,1.7576799
Israel,ISR,2017,1.7236598
Israel,ISR,2018,1.8638786
Israel,ISR,2019,2.9192069
Israel,ISR,2020,4.053859
Israel,ISR,2021,5.132294
Italy,ITA,2000,7.1556435
Italy,ITA,2001,7.6085052
Italy,ITA,2002,6.7783766
Italy,ITA,2003,6.33908
Italy,ITA,2004,7.220357
Italy,ITA,2005,6.4335437
Italy,ITA,2006,6.7299886
Italy,ITA,2007,6.4319706
Italy,ITA,2008,8.19532
Italy,ITA,2009,10.585501
Italy,ITA,2010,11.43081
Italy,ITA,2011,12.443047
Italy,ITA,2012,14.165737
Italy,ITA,2013,17.610695
Italy,ITA,2014,19.739761
Italy,ITA,2015,17.334675
Italy,ITA,2016,17.009197
Italy,ITA,2017,16.149738
Italy,ITA,2018,17.727497
Italy,ITA,2019,17.93995
Italy,ITA,2020,19.721262
Italy,ITA,2021,18.36226
Japan,JPN,2000,4.8274536
Japan,JPN,2001,4.716366
Japan,JPN,2002,4.702637
Japan,JPN,2003,5.3320413
Japan,JPN,2004,5.25767
Japan,JPN,2005,4.790323
Japan,JPN,2006,5.3090086
Japan,JPN,2007,4.7619534
Japan,JPN,2008,4.830859
Japan,JPN,2009,5.021396
Japan,JPN,2010,5.684884
Japan,JPN,2011,5.733157
Japan,JPN,2012,5.6502047
Japan,JPN,2013,6.1299677
Japan,JPN,2014,6.9359174
Japan,JPN,2015,8.068797
Japan,JPN,2016,7.9758606
Japan,JPN,2017,8.634004
Japan,JPN,2018,9.322305
Japan,JPN,2019,9.565927
Japan,JPN,2020,11.155339
Japan,JPN,2021,11.428995
Kazakhstan,KAZ,2000,6.0228243
Kazakhstan,KAZ,2001,5.704264
Kazakhstan,KAZ,2002,6.120414
Kazakhstan,KAZ,2003,5.3825555
Kazakhstan,KAZ,2004,4.701576
Kazakhstan,KAZ,2005,4.4324117
Kazakhstan,KAZ,2006,4.047025
Kazakhstan,KAZ,2007,3.8181744
Kazakhstan,KAZ,2008,3.2849119
Kazakhstan,KAZ,2009,3.3547347
Kazakhstan,KAZ,2010,3.6240573
Kazakhstan,KAZ,2011,3.1190946
Kazakhstan,KAZ,2012,2.8572173
Kazakhstan,KAZ,2013,2.8628833
Kazakhstan,KAZ,2014,2.982452
Kazakhstan,KAZ,2015,3.5664272
Kazakhstan,KAZ,2016,4.4041133
Kazakhstan,KAZ,2017,4.0426664
Kazakhstan,KAZ,2018,3.3888385
Kazakhstan,KAZ,2019,3.468928
Kazakhstan,KAZ,2020,3.9000363
Kazakhstan,KAZ,2021,3.988574
Kuwait,KWT,2000,0
Kuwait,KWT,2001,0
Kuwait,KWT,2002,0
Kuwait,KWT,2003,0
Kuwait,KWT,2004,0
Kuwait,KWT,2005,0
Kuwait,KWT,2006,0
Kuwait,KWT,2007,0
Kuwait,KWT,2008,0
Kuwait,KWT,2009,0
Kuwait,KWT,2010,0
Kuwait,KWT,2011,0
Kuwait,KWT,2012,0
Kuwait,KWT,2013,0.000115751
Kuwait,KWT,2014,0.002035834
Kuwait,KWT,2015,0.003018346
Kuwait,KWT,2016,0.029127507
Kuwait,KWT,2017,0.040029116
Kuwait,KWT,2018,0.03133408
Kuwait,KWT,2019,0.034184188
Kuwait,KWT,2020,0.036519468
Latvia,LVA,2000,22.118162
Latvia,LVA,2001,20.512127
Latvia,LVA,2002,17.687973
Latvia,LVA,2003,16.751474
Latvia,LVA,2004,20.242414
Latvia,LVA,2005,20.853584
Latvia,LVA,2006,17.836657
Latvia,LVA,2007,17.445015
Latvia,LVA,2008,19.558802
Latvia,LVA,2009,22.685837
Latvia,LVA,2010,20.36604
Latvia,LVA,2011,19.268509
Latvia,LVA,2012,24.73715
Latvia,LVA,2013,22.284588
Latvia,LVA,2014,19.171963
Latvia,LVA,2015,18.8834
Latvia,LVA,2016,21.902061
Latvia,LVA,2017,30.69509
Latvia,LVA,2018,22.432663
Latvia,LVA,2019,19.92988
Latvia,LVA,2020,24.768972
Latvia,LVA,2021,23.917372
Lithuania,LTU,2000,1.2857236
Lithuania,LTU,2001,1.0550188
Lithuania,LTU,2002,1.0718007
Lithuania,LTU,2003,0.94520015
Lithuania,LTU,2004,1.1986761
Lithuania,LTU,2005,1.4099654
Lithuania,LTU,2006,1.3948395
Lithuania,LTU,2007,1.6962823
Lithuania,LTU,2008,1.7692844
Lithuania,LTU,2009,2.186495
Lithuania,LTU,2010,3.9403253
Lithuania,LTU,2011,4.594768
Lithuania,LTU,2012,4.8736596
Lithuania,LTU,2013,6.826762
Lithuania,LTU,2014,7.0076375
Lithuania,LTU,2015,7.4305215
Lithuania,LTU,2016,8.9710455
Lithuania,LTU,2017,10.216778
Lithuania,LTU,2018,8.702936
Lithuania,LTU,2019,9.697966
Lithuania,LTU,2020,10.144763
Lithuania,LTU,2021,9.490351
Lower-middle-income countries,,2000,5.197896
Lower-middle-income countries,,2001,5.124023
Lower-middle-income countries,,2002,4.861276
Lower-middle-income countries,,2003,4.893047
Lower-middle-income countries,,2004,5.5462184
Lower-middle-income countries,,2005,5.3810964
Lower-middle-income countries,,2006,5.7553415
Lower-middle-income countries,,2007,5.7296853
Lower-middle-income countries,,2008,5.3192363
Lower-middle-income countries,,2009,5.2029486
Lower-middle-income countries,,2010,5.317025
Lower-middle-income countries,,2011,5.6120405
Lower-middle-income countries,,2012,5.2002983
Lower-middle-income countries,,2013,6.032141
Lower-middle-income countries,,2014,5.936752
Lower-middle-income countries,,2015,5.766291
Lower-middle-income countries,,2016,5.848174
Lower-middle-income countries,,2017,6.348325
Lower-middle-income countries,,2018,6.516345
Lower-middle-income countries,,2019,7.0110745
Lower-middle-income countries,,2020,7.687888
Lower-middle-income countries,,2021,7.670769
Luxembourg,LUX,2000,1.3703701
Luxembourg,LUX,2001,1.2522311
Luxembourg,LUX,2002,1.0301427
Luxembourg,LUX,2003,0.91740716
Luxembourg,LUX,2004,1.1120193
Luxembourg,LUX,2005,1.1679211
Luxembourg,LUX,2006,1.3908712
Luxembourg,LUX,2007,1.5379573
Luxembourg,LUX,2008,1.6481373
Luxembourg,LUX,2009,1.6371243
Luxembourg,LUX,2010,1.5543997
Luxembourg,LUX,2011,1.4713187
Luxembourg,LUX,2012,1.8497294
Luxembourg,LUX,2013,2.304208
Luxembourg,LUX,2014,2.5587912
Luxembourg,LUX,2015,2.8418615
Luxembourg,LUX,2016,3.052534
Luxembourg,LUX,2017,3.8070426
Luxembourg,LUX,2018,4.1558747
Luxembourg,LUX,2019,4.7653427
Luxembourg,LUX,2020,6.848767
Luxembourg,LUX,2021,7.095166
Malaysia,MYS,2000,3.6813028
Malaysia,MYS,2001,3.139982
Malaysia,MYS,2002,2.5937574
Malaysia,MYS,2003,2.2532132
Malaysia,MYS,2004,2.3197203
Malaysia,MYS,2005,2.2862065
Malaysia,MYS,2006,2.3655074
Malaysia,MYS,2007,2.1384602
Malaysia,MYS,2008,2.624564
Malaysia,MYS,2009,2.6226811
Malaysia,MYS,2010,2.3254187
Malaysia,MYS,2011,2.8593705
Malaysia,MYS,2012,2.9071403
Malaysia,MYS,2013,3.3195534
Malaysia,MYS,2014,3.5630174
Malaysia,MYS,2015,3.6460347
Malaysia,MYS,2016,4.848279
Malaysia,MYS,2017,6.291511
Malaysia,MYS,2018,6.2534175
Malaysia,MYS,2019,6.1784086
Malaysia,MYS,2020,7.1631722
Malaysia,MYS,2021,8.059835
Mexico,MEX,2000,7.1508975
Mexico,MEX,2001,6.3393073
Mexico,MEX,2002,5.4490385
Mexico,MEX,2003,4.6524553
Mexico,MEX,2004,5.303242
Mexico,MEX,2005,5.473337
Mexico,MEX,2006,5.5860863
Mexico,MEX,2007,5.209547
Mexico,MEX,2008,6.696116
Mexico,MEX,2009,4.9565783
Mexico,MEX,2010,6.283124
Mexico,MEX,2011,5.886854
Mexico,MEX,2012,5.4620795
Mexico,MEX,2013,5.06007
Mexico,MEX,2014,6.727102
Mexico,MEX,2015,6.0522633
Mexico,MEX,2016,6.1314926
Mexico,MEX,2017,6.372722
Mexico,MEX,2018,6.939361
Mexico,MEX,2019,7.0507708
Mexico,MEX,2020,9.475372
Mexico,MEX,2021,10.514754
Middle Africa (BP),,2000,35.483055
Middle Africa (BP),,2001,35.432236
Middle Africa (BP),,2002,30.723997
Middle Africa (BP),,2003,29.391506
Middle Africa (BP),,2004,30.813004
Middle Africa (BP),,2005,31.654406
Middle Africa (BP),,2006,30.919579
Middle Africa (BP),,2007,27.637726
Middle Africa (BP),,2008,26.890867
Middle Africa (BP),,2009,25.186485
Middle Africa (BP),,2010,23.82759
Middle Africa (BP),,2011,22.858438
Middle Africa (BP),,2012,20.70605
Middle Africa (BP),,2013,21.011396
Middle Africa (BP),,2014,21.218956
Middle Africa (BP),,2015,21.55557
Middle Africa (BP),,2016,22.2828
Middle Africa (BP),,2017,25.124096
Middle Africa (BP),,2018,27.342493
Middle Africa (BP),,2019,28.492256
Middle Africa (BP),,2020,31.235266
Middle Africa (BP),,2021,29.66652
Middle East (BP),,2000,0.6672698
Middle East (BP),,2001,0.6830074
Middle East (BP),,2002,0.9304742
Middle East (BP),,2003,0.97535753
Middle East (BP),,2004,1.1181799
Middle East (BP),,2005,1.0950568
Middle East (BP),,2006,1.224795
Middle East (BP),,2007,1.096815
Middle East (BP),,2008,0.52447456
Middle East (BP),,2009,0.45684582
Middle East (BP),,2010,0.60780156
Middle East (BP),,2011,0.61838734
Middle East (BP),,2012,0.6974745
Middle East (BP),,2013,0.74113744
Middle East (BP),,2014,0.62902766
Middle East (BP),,2015,0.5351889
Middle East (BP),,2016,0.6441814
Middle East (BP),,2017,0.6690362
Middle East (BP),,2018,0.51964533
Middle East (BP),,2019,1.3370022
Middle East (BP),,2020,1.1381058
Middle East (BP),,2021,0.95469177
Morocco,MAR,2000,1.9685844
Morocco,MAR,2001,2.47259
Morocco,MAR,2002,2.3249912
Morocco,MAR,2003,3.6570694
Morocco,MAR,2004,3.4734976
Morocco,MAR,2005,2.0816917
Morocco,MAR,2006,2.018249
Morocco,MAR,2007,2.0501916
Morocco,MAR,2008,1.8975967
Morocco,MAR,2009,4.711689
Morocco,MAR,2010,5.8873553
Morocco,MAR,2011,3.643836
Morocco,MAR,2012,3.1137834
Morocco,MAR,2013,5.110578
Morocco,MAR,2014,4.4587364
Morocco,MAR,2015,5.388849
Morocco,MAR,2016,5.595185
Morocco,MAR,2017,5.2868266
Morocco,MAR,2018,7.1069336
Morocco,MAR,2019,7.547047
Morocco,MAR,2020,7.633952
Morocco,MAR,2021,7.6361694
Netherlands,NLD,2000,0.9258593
Netherlands,NLD,2001,0.9883765
Netherlands,NLD,2002,1.1863465
Netherlands,NLD,2003,1.1635091
Netherlands,NLD,2004,1.5031251
Netherlands,NLD,2005,2.0780501
Netherlands,NLD,2006,2.315084
Netherlands,NLD,2007,2.4174244
Netherlands,NLD,2008,2.9132164
Netherlands,NLD,2009,3.4302778
Netherlands,NLD,2010,3.2134414
Netherlands,NLD,2011,3.8112893
Netherlands,NLD,2012,3.9636314
Netherlands,NLD,2013,3.9457889
Netherlands,NLD,2014,3.9784324
Netherlands,NLD,2015,4.503984
Netherlands,NLD,2016,4.676411
Netherlands,NLD,2017,5.4899817
Netherlands,NLD,2018,5.991268
Netherlands,NLD,2019,7.3029876
Netherlands,NLD,2020,10.758958
Netherlands,NLD,2021,12.3737955
New Zealand,NZL,2000,36.374214
New Zealand,NZL,2001,32.730766
New Zealand,NZL,2002,35.126747
New Zealand,NZL,2003,34.357147
New Zealand,NZL,2004,37.794468
New Zealand,NZL,2005,34.682922
New Zealand,NZL,2006,34.811123
New Zealand,NZL,2007,35.406635
New Zealand,NZL,2008,34.397457
New Zealand,NZL,2009,37.898605
New Zealand,NZL,2010,38.817486
New Zealand,NZL,2011,39.533886
New Zealand,NZL,2012,36.91487
New Zealand,NZL,2013,36.921745
New Zealand,NZL,2014,37.536892
New Zealand,NZL,2015,38.129433
New Zealand,NZL,2016,38.99087
New Zealand,NZL,2017,37.083
New Zealand,NZL,2018,38.162262
New Zealand,NZL,2019,36.76238
New Zealand,NZL,2020,39.064182
New Zealand,NZL,2021,40.21865
Non-OECD (BP),,2000,8.523026
Non-OECD (BP),,2001,8.40834
Non-OECD (BP),,2002,8.243244
Non-OECD (BP),,2003,7.7878294
Non-OECD (BP),,2004,7.9909215
Non-OECD (BP),,2005,7.905067
Non-OECD (BP),,2006,7.8746357
Non-OECD (BP),,2007,7.873597
Non-OECD (BP),,2008,8.224597
Non-OECD (BP),,2009,8.251706
Non-OECD (BP),,2010,8.488087
Non-OECD (BP),,2011,8.249456
Non-OECD (BP),,2012,8.615771
Non-OECD (BP),,2013,9.07103
Non-OECD (BP),,2014,9.467183
Non-OECD (BP),,2015,9.619304
Non-OECD (BP),,2016,10.082683
Non-OECD (BP),,2017,10.480341
Non-OECD (BP),,2018,10.930288
Non-OECD (BP),,2019,11.4265785
Non-OECD (BP),,2020,12.285426
Non-OECD (BP),,2021,12.454243
North America,,2000,6.9167733
North America,,2001,6.1930876
North America,,2002,6.6954546
North America,,2003,6.581455
North America,,2004,6.4526634
North America,,2005,6.687396
North America,,2006,6.867288
North America,,2007,6.5533123
North America,,2008,7.079735
North America,,2009,7.571383
North America,,2010,7.368751
North America,,2011,8.283766
North America,,2012,8.316144
North America,,2013,8.416546
North America,,2014,8.503193
North America,,2015,8.673367
North America,,2016,9.308496
North America,,2017,9.985744
North America,,2018,9.833188
North America,,2019,10.056397
North America,,2020,11.519563
North America,,2021,11.45594
North America (BP),,2000,7.137679
North America (BP),,2001,6.419105
North America (BP),,2002,6.952935
North America (BP),,2003,6.8915873
North America (BP),,2004,6.8072214
North America (BP),,2005,7.0907726
North America (BP),,2006,7.402613
North America (BP),,2007,7.195669
North America (BP),,2008,7.9371543
North America (BP),,2009,8.571402
North America (BP),,2010,8.465267
North America (BP),,2011,9.495673
North America (BP),,2012,9.564474
North America (BP),,2013,9.732749
North America (BP),,2014,9.834601
North America (BP),,2015,10.068494
North America (BP),,2016,10.809487
North America (BP),,2017,11.496156
North America (BP),,2018,11.283999
North America (BP),,2019,11.561611
North America (BP),,2020,13.012189
North America (BP),,2021,13.004936
North Macedonia,MKD,2000,11.215344
North Macedonia,MKD,2001,6.3362026
North Macedonia,MKD,2002,7.7906957
North Macedonia,MKD,2003,12.461908
North Macedonia,MKD,2004,13.524394
North Macedonia,MKD,2005,13.126352
North Macedonia,MKD,2006,14.188615
North Macedonia,MKD,2007,8.696234
North Macedonia,MKD,2008,7.43891
North Macedonia,MKD,2009,11.3459015
North Macedonia,MKD,2010,19.909607
North Macedonia,MKD,2011,11.702621
North Macedonia,MKD,2012,9.123692
North Macedonia,MKD,2013,14.412972
North Macedonia,MKD,2014,12.513251
North Macedonia,MKD,2015,18.564972
North Macedonia,MKD,2016,18.146008
North Macedonia,MKD,2017,11.811469
North Macedonia,MKD,2018,17.787132
North Macedonia,MKD,2019,11.504865
North Macedonia,MKD,2020,14.441304
North Macedonia,MKD,2021,14.82318
Norway,NOR,2000,72.39789
Norway,NOR,2001,67.58246
Norway,NOR,2002,69.30982
Norway,NOR,2003,63.816036
Norway,NOR,2004,64.23876
Norway,NOR,2005,69.73603
Norway,NOR,2006,66.73525
Norway,NOR,2007,69.2405
Norway,NOR,2008,69.89543
Norway,NOR,2009,67.78923
Norway,NOR,2010,65.47019
Norway,NOR,2011,66.30012
Norway,NOR,2012,70.095116
Norway,NOR,2013,67.50864
Norway,NOR,2014,68.88728
Norway,NOR,2015,68.87519
Norway,NOR,2016,69.86629
Norway,NOR,2017,69.260994
Norway,NOR,2018,68.85805
Norway,NOR,2019,67.08509
Norway,NOR,2020,70.96306
Norway,NOR,2021,71.558365
OECD (BP),,2000,7.3164926
OECD (BP),,2001,6.918436
OECD (BP),,2002,7.0600977
OECD (BP),,2003,6.9699564
OECD (BP),,2004,7.123596
OECD (BP),,2005,7.2948604
OECD (BP),,2006,7.5800366
OECD (BP),,2007,7.650434
OECD (BP),,2008,8.292269
OECD (BP),,2009,8.929456
OECD (BP),,2010,9.17597
OECD (BP),,2011,9.896053
OECD (BP),,2012,10.455607
OECD (BP),,2013,10.872955
OECD (BP),,2014,11.235079
OECD (BP),,2015,11.689526
OECD (BP),,2016,12.097351
OECD (BP),,2017,12.584138
OECD (BP),,2018,12.900239
OECD (BP),,2019,13.434227
OECD (BP),,2020,15.281675
OECD (BP),,2021,15.086277
Oceania,,2000,8.833748
Oceania,,2001,8.119204
Oceania,,2002,8.588545
Oceania,,2003,8.366261
Oceania,,2004,8.892967
Oceania,,2005,8.536559
Oceania,,2006,8.334146
Oceania,,2007,8.082715
Oceania,,2008,7.628376
Oceania,,2009,8.308433
Oceania,,2010,8.81342
Oceania,,2011,9.99075
Oceania,,2012,9.72642
Oceania,,2013,10.43124
Oceania,,2014,10.1773
Oceania,,2015,10.497563
Oceania,,2016,11.443342
Oceania,,2017,10.882778
Oceania,,2018,12.305643
Oceania,,2019,12.589364
Oceania,,2020,14.4150715
Oceania,,2021,16.36516
Oman,OMN,2000,0
Oman,OMN,2001,0
Oman,OMN,2002,0
Oman,OMN,2003,0
Oman,OMN,2004,0
Oman,OMN,2005,0
Oman,OMN,2006,0
Oman,OMN,2007,0
Oman,OMN,2008,0
Oman,OMN,2009,0
Oman,OMN,2010,0
Oman,OMN,2011,0
Oman,OMN,2012,0
Oman,OMN,2013,0.00102797
Oman,OMN,2014,0.001023664
Oman,OMN,2015,0.002971764
Oman,OMN,2016,0.003337541
Oman,OMN,2017,0.011463476
Oman,OMN,2018,0.010915677
Oman,OMN,2019,0.017586906
Oman,OMN,2020,0.2240027
Pakistan,PAK,2000,11.344158
Pakistan,PAK,2001,11.41505
Pakistan,PAK,2002,12.188603
Pakistan,PAK,2003,13.333745
Pakistan,PAK,2004,12.676343
Pakistan,PAK,2005,13.59751
Pakistan,PAK,2006,12.633492
Pakistan,PAK,2007,12.365368
Pakistan,PAK,2008,10.553434
Pakistan,PAK,2009,10.885857
Pakistan,PAK,2010,11.174628
Pakistan,PAK,2011,11.411279
Pakistan,PAK,2012,4.3177876
Pakistan,PAK,2013,11.522516
Pakistan,PAK,2014,11.496394
Pakistan,PAK,2015,11.174579
Pakistan,PAK,2016,11.086973
Pakistan,PAK,2017,9.67495
Pakistan,PAK,2018,9.416381
Pakistan,PAK,2019,11.015738
Pakistan,PAK,2020,12.021025
Pakistan,PAK,2021,10.622897
Peru,PER,2000,32.495964
Peru,PER,2001,35.526463
Peru,PER,2002,35.351955
Peru,PER,2003,36.600243
Peru,PER,2004,32.297504
Peru,PER,2005,31.84631
Peru,PER,2006,34.128056
Peru,PER,2007,31.039616
Peru,PER,2008,28.021553
Peru,PER,2009,28.33369
Peru,PER,2010,25.21364
Peru,PER,2011,24.354307
Peru,PER,2012,24.011053
Peru,PER,2013,24.136717
Peru,PER,2014,23.94071
Peru,PER,2015,24.024496
Peru,PER,2016,22.57668
Peru,PER,2017,26.171818
Peru,PER,2018,26.795403
Peru,PER,2019,26.621336
Peru,PER,2020,30.744228
Peru,PER,2021,27.741009
Philippines,PHL,2000,18.595215
Philippines,PHL,2001,16.949202
Philippines,PHL,2002,16.691975
Philippines,PHL,2003,16.424408
Philippines,PHL,2004,16.852709
Philippines,PHL,2005,16.317411
Philippines,PHL,2006,18.684961
Philippines,PHL,2007,16.430105
Philippines,PHL,2008,17.313362
Philippines,PHL,2009,16.679699
Philippines,PHL,2010,14.187132
Philippines,PHL,2011,15.432299
Philippines,PHL,2012,15.557659
Philippines,PHL,2013,13.8471365
Philippines,PHL,2014,13.009114
Philippines,PHL,2015,12.500741
Philippines,PHL,2016,11.97579
Philippines,PHL,2017,11.504091
Philippines,PHL,2018,11.201896
Philippines,PHL,2019,10.227248
Philippines,PHL,2020,11.04473
Philippines,PHL,2021,10.90163
Poland,POL,2000,0.6828017
Poland,POL,2001,0.820305
Poland,POL,2002,0.81965923
Poland,POL,2003,0.6754677
Poland,POL,2004,0.89124244
Poland,POL,2005,1.135477
Poland,POL,2006,1.2485813
Poland,POL,2007,1.5623447
Poland,POL,2008,2.2076113
Poland,POL,2009,3.0658216
Poland,POL,2010,3.45368
Poland,POL,2011,4.0425887
Poland,POL,2012,5.2285094
Poland,POL,2013,5.1705627
Poland,POL,2014,6.055967
Poland,POL,2015,6.561511
Poland,POL,2016,6.0504947
Poland,POL,2017,6.1909957
Poland,POL,2018,5.8507967
Poland,POL,2019,6.989287
Poland,POL,2020,7.769742
Poland,POL,2021,7.7616863
Portugal,PRT,2000,13.07334
Portugal,PRT,2001,15.646869
Portugal,PRT,2002,9.748956
Portugal,PRT,2003,17.057003
Portugal,PRT,2004,12.089573
Portugal,PRT,2005,8.115614
Portugal,PRT,2006,15.572563
Portugal,PRT,2007,16.143671
Portugal,PRT,2008,15.146783
Portugal,PRT,2009,18.849367
Portugal,PRT,2010,27.393208
Portugal,PRT,2011,24.511286
Portugal,PRT,2012,21.701544
Portugal,PRT,2013,29.105732
Portugal,PRT,2014,30.292532
Portugal,PRT,2015,24.459373
Portugal,PRT,2016,29.276423
Portugal,PRT,2017,21.441805
Portugal,PRT,2018,26.900106
Portugal,PRT,2019,26.401812
Portugal,PRT,2020,31.723911
Portugal,PRT,2021,32.703953
Qatar,QAT,2000,0
Qatar,QAT,2001,0
Qatar,QAT,2002,0
Qatar,QAT,2003,0
Qatar,QAT,2004,0
Qatar,QAT,2005,0
Qatar,QAT,2006,0
Qatar,QAT,2007,0
Qatar,QAT,2008,0
Qatar,QAT,2009,0
Qatar,QAT,2010,0
Qatar,QAT,2011,0.09460041
Qatar,QAT,2012,0.08342207
Qatar,QAT,2013,0.07836199
Qatar,QAT,2014,0.07397567
Qatar,QAT,2015,0.06486393
Qatar,QAT,2016,0.06714397
Qatar,QAT,2017,0.06931601
Qatar,QAT,2018,0.06936814
Qatar,QAT,2019,0.06641917
Qatar,QAT,2020,0.07569663
Romania,ROU,2000,10.396162
Romania,ROU,2001,10.312889
Romania,ROU,2002,10.615109
Romania,ROU,2003,8.716783
Romania,ROU,2004,10.407817
Romania,ROU,2005,12.629432
Romania,ROU,2006,11.172654
Romania,ROU,2007,10.032531
Romania,ROU,2008,10.699506
Romania,ROU,2009,10.989452
Romania,ROU,2010,14.136739
Romania,ROU,2011,11.0333395
Romania,ROU,2012,10.439118
Romania,ROU,2013,14.889094
Romania,ROU,2014,17.897146
Romania,ROU,2015,18.517511
Romania,ROU,2016,18.943087
Romania,ROU,2017,16.684114
Romania,ROU,2018,17.542227
Romania,ROU,2019,16.837948
Romania,ROU,2020,17.57964
Romania,ROU,2021,17.481031
Russia,RUS,2000,6.7286215
Russia,RUS,2001,6.9759703
Russia,RUS,2002,6.492728
Russia,RUS,2003,6.075377
Russia,RUS,2004,6.754271
Russia,RUS,2005,6.60369
Russia,RUS,2006,6.309633
Russia,RUS,2007,6.371351
Russia,RUS,2008,5.8674455
Russia,RUS,2009,6.4854555
Russia,RUS,2010,5.931856
Russia,RUS,2011,5.5852757
Russia,RUS,2012,5.550893
Russia,RUS,2013,6.1906686
Russia,RUS,2014,5.887215
Russia,RUS,2015,5.7736044
Russia,RUS,2016,6.171405
Russia,RUS,2017,6.1212683
Russia,RUS,2018,6.0467625
Russia,RUS,2019,6.201229
Russia,RUS,2020,7.0697813
Russia,RUS,2021,6.6202893
Saudi Arabia,SAU,2000,0
Saudi Arabia,SAU,2001,0
Saudi Arabia,SAU,2002,0
Saudi Arabia,SAU,2003,0
Saudi Arabia,SAU,2004,0
Saudi Arabia,SAU,2005,0
Saudi Arabia,SAU,2006,0
Saudi Arabia,SAU,2007,0
Saudi Arabia,SAU,2008,8.17E-05
Saudi Arabia,SAU,2009,7.74E-05
Saudi Arabia,SAU,2010,0.000468167
Saudi Arabia,SAU,2011,0.000582545
Saudi Arabia,SAU,2012,0.002598472
Saudi Arabia,SAU,2013,0.004260368
Saudi Arabia,SAU,2014,0.004248494
Saudi Arabia,SAU,2015,0.004093797
Saudi Arabia,SAU,2016,0.003963404
Saudi Arabia,SAU,2017,0.005624967
Saudi Arabia,SAU,2018,0.013882196
Saudi Arabia,SAU,2019,0.018180711
Saudi Arabia,SAU,2020,0.018463893
Singapore,SGP,2000,0.17653827
Singapore,SGP,2001,0.30012923
Singapore,SGP,2002,0.30550742
Singapore,SGP,2003,0.3383669
Singapore,SGP,2004,0.2925276
Singapore,SGP,2005,0.27761883
Singapore,SGP,2006,0.25025177
Singapore,SGP,2007,0.2428374
Singapore,SGP,2008,0.24099082
Singapore,SGP,2009,0.22723757
Singapore,SGP,2010,0.23598696
Singapore,SGP,2011,0.23450488
Singapore,SGP,2012,0.24628179
Singapore,SGP,2013,0.26858902
Singapore,SGP,2014,0.2785132
Singapore,SGP,2015,0.29237184
Singapore,SGP,2016,0.289138
Singapore,SGP,2017,0.28081223
Singapore,SGP,2018,0.2784224
Singapore,SGP,2019,0.2995429
Singapore,SGP,2020,0.30993885
Slovakia,SVK,2000,6.252774
Slovakia,SVK,2001,6.664679
Slovakia,SVK,2002,7.005193
Slovakia,SVK,2003,4.4944215
Slovakia,SVK,2004,5.424992
Slovakia,SVK,2005,5.801839
Slovakia,SVK,2006,6.194248
Slovakia,SVK,2007,6.746676
Slovakia,SVK,2008,6.2277403
Slovakia,SVK,2009,7.332043
Slovakia,SVK,2010,7.9761634
Slovakia,SVK,2011,6.98435
Slovakia,SVK,2012,8.014707
Slovakia,SVK,2013,8.994414
Slovakia,SVK,2014,9.855442
Slovakia,SVK,2015,9.638893
Slovakia,SVK,2016,9.996943
Slovakia,SVK,2017,9.412673
Slovakia,SVK,2018,8.504163
Slovakia,SVK,2019,9.983878
Slovakia,SVK,2020,10.48076
Slovakia,SVK,2021,9.82116
Slovenia,SVN,2000,14.703167
Slovenia,SVN,2001,13.847439
Slovenia,SVN,2002,12.223348
Slovenia,SVN,2003,11.176646
Slovenia,SVN,2004,14.306864
Slovenia,SVN,2005,12.045763
Slovenia,SVN,2006,12.255213
Slovenia,SVN,2007,11.193771
Slovenia,SVN,2008,13.052405
Slovenia,SVN,2009,15.9465475
Slovenia,SVN,2010,15.326107
Slovenia,SVN,2011,12.851766
Slovenia,SVN,2012,14.665227
Slovenia,SVN,2013,17.365847
Slovenia,SVN,2014,21.739605
Slovenia,SVN,2015,15.851431
Slovenia,SVN,2016,17.115887
Slovenia,SVN,2017,14.848828
Slovenia,SVN,2018,16.982708
Slovenia,SVN,2019,16.78137
Slovenia,SVN,2020,19.160215
Slovenia,SVN,2021,18.768454
South Africa,ZAF,2000,0.40555847
South Africa,ZAF,2001,0.5403345
South Africa,ZAF,2002,0.65354025
South Africa,ZAF,2003,0.2989763
South Africa,ZAF,2004,0.29398483
South Africa,ZAF,2005,0.40433392
South Africa,ZAF,2006,0.72594017
South Africa,ZAF,2007,0.7023894
South Africa,ZAF,2008,0.35045084
South Africa,ZAF,2009,0.38785627
South Africa,ZAF,2010,0.31502998
South Africa,ZAF,2011,0.6983461
South Africa,ZAF,2012,0.3148212
South Africa,ZAF,2013,0.370654
South Africa,ZAF,2014,0.81809825
South Africa,ZAF,2015,1.2246652
South Africa,ZAF,2016,1.6210166
South Africa,ZAF,2017,2.406186
South Africa,ZAF,2018,2.6591578
South Africa,ZAF,2019,2.6449363
South Africa,ZAF,2020,3.150246
South Africa,ZAF,2021,3.408608
South America,,2000,32.47872
South America,,2001,30.829071
South America,,2002,31.812138
South America,,2003,32.69813
South America,,2004,31.918701
South America,,2005,32.54806
South America,,2006,32.51109
South America,,2007,32.020576
South America,,2008,31.325287
South America,,2009,32.41624
South America,,2010,30.95347
South America,,2011,31.315365
South America,,2012,29.988754
South America,,2013,28.540737
South America,,2014,27.958807
South America,,2015,28.051346
South America,,2016,29.587042
South America,,2017,30.41578
South America,,2018,31.617079
South America,,2019,32.166042
South America,,2020,34.7553
South America,,2021,32.356785
South Korea,KOR,2000,0.5420218
South Korea,KOR,2001,0.31219828
South Korea,KOR,2002,0.41857693
South Korea,KOR,2003,0.5985387
South Korea,KOR,2004,0.53463805
South Korea,KOR,2005,0.45353886
South Korea,KOR,2006,0.4502669
South Korea,KOR,2007,0.5043082
South Korea,KOR,2008,0.5293463
South Korea,KOR,2009,0.57009465
South Korea,KOR,2010,0.91955906
South Korea,KOR,2011,1.2539451
South Korea,KOR,2012,1.2884827
South Korea,KOR,2013,1.5155629
South Korea,KOR,2014,1.764075
South Korea,KOR,2015,1.904119
South Korea,KOR,2016,2.026812
South Korea,KOR,2017,2.4301844
South Korea,KOR,2018,2.7460184
South Korea,KOR,2019,2.9800334
South Korea,KOR,2020,3.1428554
South Korea,KOR,2021,3.7249858
South and Central America (BP),,2000,30.455803
South and Central America (BP),,2001,28.665403
South and Central America (BP),,2002,29.601973
South and Central America (BP),,2003,30.20722
South and Central America (BP),,2004,29.696253
South and Central America (BP),,2005,30.37529
South and Central America (BP),,2006,30.115812
South and Central America (BP),,2007,30.1554
South and Central America (BP),,2008,30.233976
South and Central America (BP),,2009,31.516335
South and Central America (BP),,2010,30.566174
South and Central America (BP),,2011,30.697844
South and Central America (BP),,2012,29.60313
South and Central America (BP),,2013,28.693209
South and Central America (BP),,2014,28.405699
South and Central America (BP),,2015,28.887499
South and Central America (BP),,2016,30.08042
South and Central America (BP),,2017,31.089474
South and Central America (BP),,2018,32.622395
South and Central America (BP),,2019,33.20571
South and Central America (BP),,2020,35.843475
South and Central America (BP),,2021,33.634804
Spain,ESP,2000,7.0082307
Spain,ESP,2001,9.167547
Spain,ESP,2002,6.4462705
Spain,ESP,2003,9.7589035
Spain,ESP,2004,8.440905
Spain,ESP,2005,6.9234943
Spain,ESP,2006,8.360923
Spain,ESP,2007,9.064817
Spain,ESP,2008,9.948371
Spain,ESP,2009,12.662101
Spain,ESP,2010,16.742804
Spain,ESP,2011,15.473434
Spain,ESP,2012,15.889772
Spain,ESP,2013,19.901302
Spain,ESP,2014,20.088554
Spain,ESP,2015,17.507902
Spain,ESP,2016,18.609848
Spain,ESP,2017,15.68235
Spain,ESP,2018,18.230534
Spain,ESP,2019,17.37585
Spain,ESP,2020,22.102654
Spain,ESP,2021,22.341663
Sri Lanka,LKA,2000,17.715664
Sri Lanka,LKA,2001,17.628239
Sri Lanka,LKA,2002,14.758176
Sri Lanka,LKA,2003,17.510588
Sri Lanka,LKA,2004,16.025322
Sri Lanka,LKA,2005,16.077099
Sri Lanka,LKA,2006,19.959389
Sri Lanka,LKA,2007,16.628553
Sri Lanka,LKA,2008,18.3665
Sri Lanka,LKA,2009,17.016684
Sri Lanka,LKA,2010,22.894518
Sri Lanka,LKA,2011,17.231127
Sri Lanka,LKA,2012,12.257574
Sri Lanka,LKA,2013,24.80347
Sri Lanka,LKA,2014,15.6329
Sri Lanka,LKA,2015,18.154892
Sri Lanka,LKA,2016,12.23384
Sri Lanka,LKA,2017,12.293098
Sri Lanka,LKA,2018,18.060566
Sri Lanka,LKA,2019,14.141156
Sri Lanka,LKA,2020,15.967422
Sri Lanka,LKA,2021,21.404533
Sweden,SWE,2000,38.59571
Sweden,SWE,2001,35.828453
Sweden,SWE,2002,32.522167
Sweden,SWE,2003,27.901482
Sweden,SWE,2004,30.187603
Sweden,SWE,2005,34.73209
Sweden,SWE,2006,32.33128
Sweden,SWE,2007,34.59903
Sweden,SWE,2008,36.92847
Sweden,SWE,2009,39.14199
Sweden,SWE,2010,38.351444
Sweden,SWE,2011,39.861126
Sweden,SWE,2012,43.305737
Sweden,SWE,2013,38.95485
Sweden,SWE,2014,40.648502
Sweden,SWE,2015,46.599625
Sweden,SWE,2016,42.0827
Sweden,SWE,2017,43.339447
Sweden,SWE,2018,42.218502
Sweden,SWE,2019,43.813766
Sweden,SWE,2020,51.05897
Sweden,SWE,2021,50.924007
Switzerland,CHE,2000,30.638752
Switzerland,CHE,2001,31.928984
Switzerland,CHE,2002,29.157331
Switzerland,CHE,2003,28.983334
Switzerland,CHE,2004,28.4365
Switzerland,CHE,2005,27.377468
Switzerland,CHE,2006,26.049185
Switzerland,CHE,2007,29.711977
Switzerland,CHE,2008,29.249441
Switzerland,CHE,2009,28.93271
Switzerland,CHE,2010,29.882568
Switzerland,CHE,2011,28.442818
Switzerland,CHE,2012,31.854078
Switzerland,CHE,2013,30.987797
Switzerland,CHE,2014,32.27639
Switzerland,CHE,2015,33.1626
Switzerland,CHE,2016,32.287403
Switzerland,CHE,2017,32.014774
Switzerland,CHE,2018,31.950867
Switzerland,CHE,2019,33.137398
Switzerland,CHE,2020,36.21057
Switzerland,CHE,2021,36.716644
Taiwan,TWN,2000,1.6464219
Taiwan,TWN,2001,1.820539
Taiwan,TWN,2002,1.2093642
Taiwan,TWN,2003,1.2677935
Taiwan,TWN,2004,1.2749457
Taiwan,TWN,2005,1.473228
Taiwan,TWN,2006,1.475401
Taiwan,TWN,2007,1.5262464
Taiwan,TWN,2008,1.5631176
Taiwan,TWN,2009,1.4994724
Taiwan,TWN,2010,1.5620868
Taiwan,TWN,2011,1.6331027
Taiwan,TWN,2012,1.9954244
Taiwan,TWN,2013,1.9780341
Taiwan,TWN,2014,1.7324574
Taiwan,TWN,2015,1.8325284
Taiwan,TWN,2016,2.2558503
Taiwan,TWN,2017,2.1802807
Taiwan,TWN,2018,2.1791105
Taiwan,TWN,2019,2.7165449
Taiwan,TWN,2020,2.7744627
Taiwan,TWN,2021,3.0361571
Thailand,THA,2000,2.5746095
Thailand,THA,2001,2.5714476
Thailand,THA,2002,2.8180337
Thailand,THA,2003,2.7227082
Thailand,THA,2004,2.3133497
Thailand,THA,2005,2.2752101
Thailand,THA,2006,2.9778264
Thailand,THA,2007,2.9363692
Thailand,THA,2008,2.9482808
Thailand,THA,2009,3.0501225
Thailand,THA,2010,2.8064702
Thailand,THA,2011,3.4573398
Thailand,THA,2012,3.7705746
Thailand,THA,2013,3.859155
Thailand,THA,2014,4.2589955
Thailand,THA,2015,4.1909814
Thailand,THA,2016,4.5999756
Thailand,THA,2017,5.3063264
Thailand,THA,2018,6.3802214
Thailand,THA,2019,6.9562197
Thailand,THA,2020,6.9914207
Thailand,THA,2021,7.113618
Trinidad and Tobago,TTO,2000,0.054040425
Trinidad and Tobago,TTO,2001,0.07365426
Trinidad and Tobago,TTO,2002,0.06166655
Trinidad and Tobago,TTO,2003,0.02733469
Trinidad and Tobago,TTO,2004,0.046458136
Trinidad and Tobago,TTO,2005,0.041819725
Trinidad and Tobago,TTO,2006,0.04218804
Trinidad and Tobago,TTO,2007,0.031051729
Trinidad and Tobago,TTO,2008,0.03328308
Trinidad and Tobago,TTO,2009,0.032574173
Trinidad and Tobago,TTO,2010,0.004750972
Trinidad and Tobago,TTO,2011,0.004813597
Trinidad and Tobago,TTO,2012,0.004852809
Trinidad and Tobago,TTO,2013,0.004740282
Trinidad and Tobago,TTO,2014,0.005310354
Trinidad and Tobago,TTO,2015,0.006235237
Trinidad and Tobago,TTO,2016,0.006985533
Trinidad and Tobago,TTO,2017,0.006543419
Trinidad and Tobago,TTO,2018,0.006240048
Trinidad and Tobago,TTO,2019,0.006373613
Trinidad and Tobago,TTO,2020,0.007312009
Trinidad and Tobago,TTO,2021,0.007159467
Turkey,TUR,2000,10.657172
Turkey,TUR,2001,9.108514
Turkey,TUR,2002,11.535796
Turkey,TUR,2003,11.330117
Turkey,TUR,2004,13.691692
Turkey,TUR,2005,11.418583
Turkey,TUR,2006,11.456921
Turkey,TUR,2007,8.7794895
Turkey,TUR,2008,8.211599
Turkey,TUR,2009,8.923344
Turkey,TUR,2010,12.280028
Turkey,TUR,2011,11.913782
Turkey,TUR,2012,12.522766
Turkey,TUR,2013,13.313222
Turkey,TUR,2014,9.769227
Turkey,TUR,2015,14.063813
Turkey,TUR,2016,14.479534
Turkey,TUR,2017,13.170472
Turkey,TUR,2018,14.846624
Turkey,TUR,2019,19.254936
Turkey,TUR,2020,19.15011
Turkey,TUR,2021,16.517044
Turkmenistan,TKM,2000,0.007789437
Turkmenistan,TKM,2001,0.006134593
Turkmenistan,TKM,2002,0.007207636
Turkmenistan,TKM,2003,0.005189047
Turkmenistan,TKM,2004,0.005208135
Turkmenistan,TKM,2005,0.005111974
Turkmenistan,TKM,2006,0.005027501
Turkmenistan,TKM,2007,0.00514901
Turkmenistan,TKM,2008,0.006237775
Turkmenistan,TKM,2009,0.003802033
Turkmenistan,TKM,2010,0.003683056
Turkmenistan,TKM,2011,0.003594085
Turkmenistan,TKM,2012,0.003752268
Turkmenistan,TKM,2013,0.005074127
Turkmenistan,TKM,2014,0.006114262
Turkmenistan,TKM,2015,0.006777034
Turkmenistan,TKM,2016,0.00823534
Turkmenistan,TKM,2017,0.008254031
Turkmenistan,TKM,2018,0.007368346
Turkmenistan,TKM,2019,0.006747688
Turkmenistan,TKM,2020,0.007161147
Turkmenistan,TKM,2021,0.007483229
Ukraine,UKR,2000,2.1038008
Ukraine,UKR,2001,2.264666
Ukraine,UKR,2002,1.8132339
Ukraine,UKR,2003,1.6885973
Ukraine,UKR,2004,2.1416073
Ukraine,UKR,2005,2.2117321
Ukraine,UKR,2006,2.263283
Ukraine,UKR,2007,1.8360311
Ukraine,UKR,2008,2.133
Ukraine,UKR,2009,2.5476246
Ukraine,UKR,2010,2.61006
Ukraine,UKR,2011,2.0985289
Ukraine,UKR,2012,2.138865
Ukraine,UKR,2013,3.0111837
Ukraine,UKR,2014,2.2846859
Ukraine,UKR,2015,1.9133266
Ukraine,UKR,2016,2.366657
Ukraine,UKR,2017,2.9754004
Ukraine,UKR,2018,3.4212277
Ukraine,UKR,2019,3.2903612
Ukraine,UKR,2020,4.8960786
Ukraine,UKR,2021,6.1008415
United Arab Emirates,ARE,2000,0
United Arab Emirates,ARE,2001,0
United Arab Emirates,ARE,2002,0
United Arab Emirates,ARE,2003,0
United Arab Emirates,ARE,2004,0
United Arab Emirates,ARE,2005,0
United Arab Emirates,ARE,2006,0
United Arab Emirates,ARE,2007,0
United Arab Emirates,ARE,2008,0
United Arab Emirates,ARE,2009,0.001917726
United Arab Emirates,ARE,2010,0.005258371
United Arab Emirates,ARE,2011,0.005592252
United Arab Emirates,ARE,2012,0.006188438
United Arab Emirates,ARE,2013,0.020930015
United Arab Emirates,ARE,2014,0.07691704
United Arab Emirates,ARE,2015,0.06952883
United Arab Emirates,ARE,2016,0.06702232
United Arab Emirates,ARE,2017,0.15412748
United Arab Emirates,ARE,2018,0.2737676
United Arab Emirates,ARE,2019,0.79182535
United Arab Emirates,ARE,2020,1.0150354
United Kingdom,GBR,2000,1.1345575
United Kingdom,GBR,2001,1.0856745
United Kingdom,GBR,2002,1.2876195
United Kingdom,GBR,2003,1.2342336
United Kingdom,GBR,2004,1.6083946
United Kingdom,GBR,2005,1.924693
United Kingdom,GBR,2006,2.1163092
United Kingdom,GBR,2007,2.42211
United Kingdom,GBR,2008,2.912039
United Kingdom,GBR,2009,3.545405
United Kingdom,GBR,2010,3.6591299
United Kingdom,GBR,2011,4.891127
United Kingdom,GBR,2012,5.453807
United Kingdom,GBR,2013,6.9547257
United Kingdom,GBR,2014,8.877189
United Kingdom,GBR,2015,10.976621
United Kingdom,GBR,2016,11.037631
United Kingdom,GBR,2017,12.948246
United Kingdom,GBR,2018,14.526468
United Kingdom,GBR,2019,16.24154
United Kingdom,GBR,2020,20.078987
United Kingdom,GBR,2021,17.946543
United States,USA,2000,4.027357
United States,USA,2001,3.421371
United States,USA,2002,4.0155067
United States,USA,2003,4.1800404
United States,USA,2004,4.1015115
United States,USA,2005,4.219231
United States,USA,2006,4.6788607
United States,USA,2007,4.3730087
United States,USA,2008,5.0045505
United States,USA,2009,5.8000064
United States,USA,2010,5.8405547
United States,USA,2011,6.8973193
United States,USA,2012,6.886334
United States,USA,2013,7.1346164
United States,USA,2014,7.262891
United States,USA,2015,7.468743
United States,USA,2016,8.285086
United States,USA,2017,9.082049
United States,USA,2018,8.964939
United States,USA,2019,9.315263
United States,USA,2020,10.532232
United States,USA,2021,10.655991
Upper-middle-income countries,,2000,9.069065
Upper-middle-income countries,,2001,9.044002
Upper-middle-income countries,,2002,8.917044
Upper-middle-income countries,,2003,8.187703
Upper-middle-income countries,,2004,8.345793
Upper-middle-income countries,,2005,8.201273
Upper-middle-income countries,,2006,8.11415
Upper-middle-income countries,,2007,8.058006
Upper-middle-income countries,,2008,8.728526
Upper-middle-income countries,,2009,8.697507
Upper-middle-income countries,,2010,9.102673
Upper-middle-income countries,,2011,8.733964
Upper-middle-income countries,,2012,9.41079
Upper-middle-income countries,,2013,9.651475
Upper-middle-income countries,,2014,10.283713
Upper-middle-income countries,,2015,10.77471
Upper-middle-income countries,,2016,11.453041
Upper-middle-income countries,,2017,11.880961
Upper-middle-income countries,,2018,12.425097
Upper-middle-income countries,,2019,13.105095
Upper-middle-income countries,,2020,13.998779
Upper-middle-income countries,,2021,14.183052
Uzbekistan,UZB,2000,2.8995407
Uzbekistan,UZB,2001,2.9385922
Uzbekistan,UZB,2002,2.9276025
Uzbekistan,UZB,2003,3.6696591
Uzbekistan,UZB,2004,3.319612
Uzbekistan,UZB,2005,3.4994836
Uzbekistan,UZB,2006,3.1592808
Uzbekistan,UZB,2007,3.2355347
Uzbekistan,UZB,2008,2.3289878
Uzbekistan,UZB,2009,3.447852
Uzbekistan,UZB,2010,4.2804823
Uzbekistan,UZB,2011,2.823631
Uzbekistan,UZB,2012,3.2085803
Uzbekistan,UZB,2013,3.133465
Uzbekistan,UZB,2014,2.9718068
Uzbekistan,UZB,2015,3.0129926
Uzbekistan,UZB,2016,3.567936
Uzbekistan,UZB,2017,3.9722855
Uzbekistan,UZB,2018,2.9270332
Uzbekistan,UZB,2019,3.1970327
Uzbekistan,UZB,2020,2.523421
Uzbekistan,UZB,2021,2.6506786
Venezuela,VEN,2000,22.723845
Venezuela,VEN,2001,20.884945
Venezuela,VEN,2002,20.203684
Venezuela,VEN,2003,21.840666
Venezuela,VEN,2004,23.130436
Venezuela,VEN,2005,24.533659
Venezuela,VEN,2006,24.401985
Venezuela,VEN,2007,23.413424
Venezuela,VEN,2008,24.75938
Venezuela,VEN,2009,24.415695
Venezuela,VEN,2010,22.484463
Venezuela,VEN,2011,23.65197
Venezuela,VEN,2012,22.079144
Venezuela,VEN,2013,21.720543
Venezuela,VEN,2014,22.182087
Venezuela,VEN,2015,20.7983
Venezuela,VEN,2016,19.946714
Venezuela,VEN,2017,21.93996
Venezuela,VEN,2018,22.038906
Venezuela,VEN,2019,22.608103
Venezuela,VEN,2020,30.139423
Venezuela,VEN,2021,28.434155
Vietnam,VNM,2000,20.092161
Vietnam,VNM,2001,22.102148
Vietnam,VNM,2002,20.06266
Vietnam,VNM,2003,19.297657
Vietnam,VNM,2004,14.763954
Vietnam,VNM,2005,12.846748
Vietnam,VNM,2006,16.60724
Vietnam,VNM,2007,17.202272
Vietnam,VNM,2008,16.009518
Vietnam,VNM,2009,17.94802
Vietnam,VNM,2010,14.7117405
Vietnam,VNM,2011,19.027452
Vietnam,VNM,2012,23.388845
Vietnam,VNM,2013,23.877512
Vietnam,VNM,2014,23.07397
Vietnam,VNM,2015,18.584494
Vietnam,VNM,2016,19.181915
Vietnam,VNM,2017,24.208347
Vietnam,VNM,2018,20.761816
Vietnam,VNM,2019,15.891139
Vietnam,VNM,2020,19.136663
Vietnam,VNM,2021,22.734407
Western Africa (BP),,2000,13.056728
Western Africa (BP),,2001,12.284886
Western Africa (BP),,2002,11.792005
Western Africa (BP),,2003,10.56491
Western Africa (BP),,2004,11.732572
Western Africa (BP),,2005,10.996266
Western Africa (BP),,2006,10.930648
Western Africa (BP),,2007,9.148526
Western Africa (BP),,2008,9.811921
Western Africa (BP),,2009,10.20982
Western Africa (BP),,2010,10.894116
Western Africa (BP),,2011,10.084287
Western Africa (BP),,2012,9.77925
Western Africa (BP),,2013,9.329147
Western Africa (BP),,2014,9.392072
Western Africa (BP),,2015,7.1159453
Western Africa (BP),,2016,7.3080406
Western Africa (BP),,2017,7.9289684
Western Africa (BP),,2018,7.579378
Western Africa (BP),,2019,8.321297
Western Africa (BP),,2020,8.1600485
Western Africa (BP),,2021,8.060245
World,OWID_WRL,2000,7.817928
World,OWID_WRL,2001,7.552363
World,OWID_WRL,2002,7.5717835
World,OWID_WRL,2003,7.3357315
World,OWID_WRL,2004,7.5255384
World,OWID_WRL,2005,7.586022
World,OWID_WRL,2006,7.724513
World,OWID_WRL,2007,7.762623
World,OWID_WRL,2008,8.257497
World,OWID_WRL,2009,8.570196
World,OWID_WRL,2010,8.807657
World,OWID_WRL,2011,8.989022
World,OWID_WRL,2012,9.423264
World,OWID_WRL,2013,9.855674
World,OWID_WRL,2014,10.222232
World,OWID_WRL,2015,10.498747
World,OWID_WRL,2016,10.930195
World,OWID_WRL,2017,11.355979
World,OWID_WRL,2018,11.741059
World,OWID_WRL,2019,12.2379875
World,OWID_WRL,2020,13.455194
World,OWID_WRL,2021,13.470907
